<?xml version="1.0" encoding="UTF-8" standalone="yes"?>
<manifest>
  <control namespace="Andz" constructor="AddressFinderAU" version="1.2.0" display-name-key="AddressFinderAU" description-key="AddressFinder AU Data" control-type="standard" api-version="1.3.18">
    <property name="address_fullname" display-name-key="address_fullname" description-key="address_fullname" of-type="SingleLine.Text" usage="bound" required="true"/>
    <property name="address_line_1" display-name-key="address_line_1" description-key="address_line_1" of-type="SingleLine.Text" usage="bound" required="true"/>
    <property name="address_line_2" display-name-key="address_line_2" description-key="address_line_2" of-type="SingleLine.Text" usage="bound" required="true"/>
    <property name="state" display-name-key="state" description-key="state" of-type="SingleLine.Text" usage="bound" required="true"/>
    <property name="suburb" display-name-key="suburb" description-key="suburb" of-type="SingleLine.Text" usage="bound" required="true"/>
    <property name="postcode" display-name-key="postcode" description-key="postcode" of-type="SingleLine.Text" usage="bound" required="true"/>
    <property name="country" display-name-key="country" description-key="country" of-type="SingleLine.Text" usage="bound" required="true"/>
    <property name="afKey" display-name-key="Address Finder Key" description-key="Address Finder Key" of-type="SingleLine.Text" usage="input" required="true"/>
    <property name="SearchCountry" display-name-key="Search Country" description-key="Country to search addresses in (AU or NZ). Can be bound to a field or set as static value." of-type="SingleLine.Text" usage="input" required="false" default-value="AU"/>
    <property name="state_codes" display-name-key="State Codes" description-key="State codes to filter addresses (e.g. VIC, NSW, QLD). Leave empty for no filter." of-type="SingleLine.Text" usage="input" required="false" default-value=""/>
    <property name="source" display-name-key="Address Source" description-key="Address source to search (default: gnaf, or gnaf,paf to include PAF)" of-type="SingleLine.Text" usage="input" required="false" default-value="gnaf"/>
    <property name="region_code" display-name-key="Region Code" description-key="Region codes to filter NZ addresses (e.g. AUK, WGN, CAN). Leave empty for no filter." of-type="SingleLine.Text" usage="input" required="false" default-value=""/>
    <resources>
      <code path="bundle.js" order="1"/>
    </resources>
    <feature-usage/>
    <built-by name="pac" version="1.51.1"/>
  </control>
</manifest>